               epoch,      train/box_loss,      train/obj_loss,      train/cls_loss,   metrics/precision,      metrics/recall,     metrics/mAP_0.5,metrics/mAP_0.5:0.95,        val/box_loss,        val/obj_loss,        val/cls_loss,               x/lr0,               x/lr1,               x/lr2
                   0,             0.12679,            0.027426,                   0,          0.00010442,            0.021739,          8.7024e-05,          1.7405e-05,             0.11075,            0.030444,                   0,               7e-05,               7e-05,             0.09937
                   1,             0.12632,            0.026051,                   0,          9.1055e-05,            0.021739,          8.4921e-05,          8.4921e-06,             0.10845,            0.029387,                   0,          0.00014926,          0.00014926,            0.098649
                   2,             0.11731,            0.026223,                   0,          0.00020885,            0.043478,          0.00013972,          2.2464e-05,             0.10717,            0.028567,                   0,          0.00022772,          0.00022772,            0.097928
                   3,             0.12059,            0.024776,                   0,          0.00020884,            0.043478,          0.00012107,          1.9178e-05,             0.10637,            0.027744,                   0,           0.0003054,           0.0003054,            0.097205
                   4,             0.11465,            0.025645,                   0,          0.00020885,            0.043478,          0.00010052,          1.4783e-05,             0.10508,            0.027214,                   0,          0.00038228,          0.00038228,            0.096482
                   5,             0.11165,            0.026075,                   0,          0.00020885,            0.043478,          9.4424e-05,          2.8008e-05,             0.10355,            0.026929,                   0,          0.00045837,          0.00045837,            0.095758
                   6,             0.10666,            0.025288,                   0,          0.00020885,            0.043478,          9.4625e-05,          2.3492e-05,             0.10246,            0.026728,                   0,          0.00053367,          0.00053367,            0.095034
                   7,             0.10573,             0.02512,                   0,          0.00020884,            0.043478,            0.000113,          2.7209e-05,             0.10097,            0.026731,                   0,          0.00060817,          0.00060817,            0.094308
                   8,              0.1036,            0.026425,                   0,          0.00019994,            0.043478,          9.3843e-05,          2.3314e-05,            0.099969,            0.026703,                   0,          0.00068188,          0.00068188,            0.093582
                   9,             0.10271,            0.026167,                   0,          0.00031348,            0.065217,          0.00014586,          2.9137e-05,            0.098885,              0.0268,                   0,          0.00075481,          0.00075481,            0.092855
                  10,             0.10098,            0.026105,                   0,          0.00029078,            0.065217,          0.00014772,          3.3985e-05,            0.097961,            0.026854,                   0,          0.00082693,          0.00082693,            0.092127
                  11,             0.10057,            0.028094,                   0,          0.00031575,            0.065217,           0.0001504,          3.4979e-05,            0.096893,            0.026975,                   0,          0.00089827,          0.00089827,            0.091398
                  12,             0.10079,            0.025378,                   0,           0.0004001,            0.065217,          0.00015413,          3.6384e-05,            0.096312,            0.027023,                   0,          0.00096882,          0.00096882,            0.090669
                  13,            0.098793,            0.027404,                   0,           0.0002809,            0.065217,           0.0001549,           3.098e-05,            0.095566,             0.02714,                   0,           0.0010386,           0.0010386,            0.089939
                  14,            0.098006,            0.027178,                   0,          0.00070069,            0.021739,          0.00016264,          3.2527e-05,            0.094842,            0.027264,                   0,           0.0011075,           0.0011075,            0.089208
                  15,            0.094975,            0.025058,                   0,          0.00036992,            0.065217,          0.00022997,          5.1614e-05,            0.094105,            0.027398,                   0,           0.0011757,           0.0011757,            0.088476
                  16,            0.096336,             0.02595,                   0,           0.0004927,            0.065217,             0.00016,          3.2001e-05,            0.093199,            0.027672,                   0,           0.0012431,           0.0012431,            0.087743
                  17,            0.096769,             0.02565,                   0,          0.00053094,            0.043478,          0.00016497,          3.1558e-05,            0.092717,            0.027793,                   0,           0.0013097,           0.0013097,             0.08701
                  18,            0.097324,            0.027803,                   0,          0.00040602,            0.021739,          0.00020562,          4.9066e-05,             0.09218,            0.027636,                   0,           0.0013755,           0.0013755,            0.086275
                  19,            0.097299,            0.025624,                   0,           0.0020368,            0.043478,          0.00037221,          3.7221e-05,            0.091053,            0.027944,                   0,           0.0014405,           0.0014405,             0.08554
                  20,            0.095714,            0.028234,                   0,          0.00078947,             0.19565,          0.00049013,          9.7299e-05,             0.09056,            0.028076,                   0,           0.0015047,           0.0015047,            0.084805
                  21,            0.089001,             0.02588,                   0,          0.00055128,            0.086957,          0.00033658,          5.4007e-05,            0.090266,            0.027911,                   0,           0.0015681,           0.0015681,            0.084068
                  22,            0.092981,            0.025911,                   0,          0.00073681,            0.086957,          0.00033081,           6.796e-05,            0.089426,            0.028218,                   0,           0.0016307,           0.0016307,            0.083331
                  23,            0.092606,            0.029732,                   0,          0.00077644,            0.065217,          0.00029548,           5.654e-05,            0.089143,            0.028119,                   0,           0.0016925,           0.0016925,            0.082593
                  24,            0.092456,            0.028082,                   0,           0.0010342,            0.065217,          0.00042199,          9.9798e-05,            0.087038,            0.028841,                   0,           0.0017536,           0.0017536,            0.081854
                  25,             0.08969,            0.029146,                   0,          0.00094617,            0.043478,          0.00049899,           0.0001148,            0.085647,             0.02917,                   0,           0.0018138,           0.0018138,            0.081114
                  26,            0.087684,             0.02653,                   0,            0.003647,            0.086957,           0.0036857,           0.0007032,            0.084722,            0.029052,                   0,           0.0018733,           0.0018733,            0.080373
                  27,            0.087422,             0.02757,                   0,             0.11818,            0.043478,            0.013818,           0.0019394,            0.082793,            0.029475,                   0,            0.001932,            0.001932,            0.079632
                  28,            0.085187,            0.030613,                   0,              0.1254,            0.065217,            0.033388,           0.0062492,            0.079772,            0.029962,                   0,           0.0019898,           0.0019898,             0.07889
                  29,            0.080003,            0.029485,                   0,             0.17481,             0.23913,            0.099681,            0.017415,            0.077375,            0.029927,                   0,           0.0020469,           0.0020469,            0.078147
                  30,            0.079765,             0.03007,                   0,             0.27413,             0.32609,             0.18245,             0.04349,            0.075401,            0.029705,                   0,           0.0021032,           0.0021032,            0.077403
                  31,            0.079685,            0.030651,                   0,             0.30901,             0.34783,             0.21835,            0.045006,            0.074458,            0.029253,                   0,           0.0021587,           0.0021587,            0.076659
                  32,            0.078403,             0.02869,                   0,             0.40479,             0.36957,             0.31096,            0.089794,            0.070953,             0.03022,                   0,           0.0022134,           0.0022134,            0.075913
                  33,            0.074127,            0.028638,                   0,             0.64898,             0.40211,             0.39065,            0.099614,            0.070008,             0.02961,                   0,           0.0022673,           0.0022673,            0.075167
                  34,             0.07479,            0.027009,                   0,             0.48931,             0.54348,             0.46994,             0.12035,            0.067454,            0.029746,                   0,           0.0023204,           0.0023204,             0.07442
                  35,            0.073794,            0.027433,                   0,             0.39501,             0.52174,             0.32827,             0.07148,            0.065634,            0.028597,                   0,           0.0023728,           0.0023728,            0.073673
                  36,            0.067505,            0.024832,                   0,             0.34461,             0.56522,             0.28028,            0.077984,            0.065189,            0.027801,                   0,           0.0024243,           0.0024243,            0.072924
                  37,            0.067672,            0.026982,                   0,              0.3218,             0.63043,             0.35895,            0.072581,            0.067659,            0.025754,                   0,           0.0024751,           0.0024751,            0.072175
                  38,             0.06975,            0.024183,                   0,             0.31742,             0.58696,             0.32275,            0.065059,            0.069471,            0.024828,                   0,            0.002525,            0.002525,            0.071425
                  39,            0.067133,            0.025169,                   0,             0.28885,             0.65217,             0.41016,             0.09174,            0.061364,            0.024926,                   0,           0.0025742,           0.0025742,            0.070674
                  40,            0.065602,            0.023447,                   0,             0.38444,             0.47826,             0.43174,             0.15689,            0.057277,            0.023527,                   0,           0.0026225,           0.0026225,            0.069923
                  41,            0.067807,            0.022178,                   0,             0.40848,             0.34534,             0.35372,            0.083708,            0.059743,             0.02229,                   0,           0.0026701,           0.0026701,             0.06917
                  42,            0.066936,            0.020956,                   0,             0.39433,              0.6087,             0.33055,            0.086241,            0.058488,            0.021953,                   0,           0.0027169,           0.0027169,            0.068417
                  43,              0.0608,            0.022529,                   0,             0.24343,             0.62954,             0.21177,            0.043038,            0.058752,            0.021918,                   0,           0.0027629,           0.0027629,            0.067663
                  44,            0.060643,            0.022382,                   0,             0.56344,             0.67391,             0.58247,             0.17092,            0.054006,            0.021853,                   0,           0.0028081,           0.0028081,            0.066908
                  45,            0.061022,            0.021433,                   0,             0.53077,             0.67391,             0.59153,             0.20292,            0.050267,            0.021795,                   0,           0.0028525,           0.0028525,            0.066153
                  46,            0.063543,            0.021084,                   0,             0.31502,             0.76087,               0.374,             0.11843,            0.054532,            0.021573,                   0,           0.0028961,           0.0028961,            0.065396
                  47,            0.059654,            0.022927,                   0,             0.46446,             0.71646,             0.55454,              0.1083,             0.05342,            0.020559,                   0,            0.002939,            0.002939,            0.064639
                  48,            0.060849,             0.02092,                   0,             0.61338,             0.58634,              0.5444,             0.19321,            0.057945,            0.019833,                   0,            0.002981,            0.002981,            0.063881
                  49,            0.060846,            0.018545,                   0,             0.53965,             0.58614,             0.46575,             0.16256,            0.057615,            0.019241,                   0,           0.0030222,           0.0030222,            0.063122
                  50,            0.060496,            0.019194,                   0,             0.59914,             0.78261,             0.66029,             0.27015,            0.046828,            0.020087,                   0,           0.0030627,           0.0030627,            0.062363
                  51,            0.056127,            0.017949,                   0,             0.49876,             0.69225,             0.55038,             0.16142,            0.053239,            0.020126,                   0,           0.0031023,           0.0031023,            0.061602
                  52,            0.057822,            0.021078,                   0,             0.56921,             0.80435,             0.66994,             0.19068,            0.052961,            0.019559,                   0,           0.0031412,           0.0031412,            0.060841
                  53,            0.058156,            0.019862,                   0,             0.57889,             0.71723,             0.70718,             0.23961,            0.046402,            0.019975,                   0,           0.0031793,           0.0031793,            0.060079
                  54,            0.058319,            0.019402,                   0,             0.59004,             0.56522,             0.59078,             0.19147,            0.053162,            0.019453,                   0,           0.0032166,           0.0032166,            0.059317
                  55,            0.057725,            0.020289,                   0,             0.46036,             0.76037,              0.6442,               0.192,            0.047734,            0.019984,                   0,            0.003253,            0.003253,            0.058553
                  56,            0.060204,            0.017866,                   0,             0.62254,             0.71739,              0.6944,             0.19052,            0.049218,            0.020064,                   0,           0.0032887,           0.0032887,            0.057789
                  57,            0.053848,            0.019608,                   0,             0.68721,             0.71739,             0.65066,             0.21673,            0.049964,            0.019846,                   0,           0.0033236,           0.0033236,            0.057024
                  58,            0.053921,            0.020021,                   0,               0.889,             0.71739,             0.82775,             0.35476,            0.046886,            0.019452,                   0,           0.0033578,           0.0033578,            0.056258
                  59,            0.054378,            0.018673,                   0,             0.66984,             0.76087,             0.73467,             0.24414,            0.048691,            0.019529,                   0,           0.0033911,           0.0033911,            0.055491
                  60,             0.05242,            0.017634,                   0,             0.52937,             0.78249,             0.63328,             0.28033,            0.050339,            0.018395,                   0,           0.0034236,           0.0034236,            0.054724
                  61,             0.05631,            0.017991,                   0,             0.52529,             0.84783,             0.60707,             0.17022,            0.047429,            0.018482,                   0,           0.0034553,           0.0034553,            0.053955
                  62,            0.051197,            0.018428,                   0,             0.52341,             0.71739,             0.56563,             0.17952,            0.050444,             0.01769,                   0,           0.0034863,           0.0034863,            0.053186
                  63,            0.061456,            0.017477,                   0,              0.4779,             0.76087,             0.53597,             0.15236,            0.047805,            0.019088,                   0,           0.0035164,           0.0035164,            0.052416
                  64,            0.054866,            0.019277,                   0,             0.39152,             0.91304,             0.51908,             0.12877,            0.051172,            0.018085,                   0,           0.0035458,           0.0035458,            0.051646
                  65,            0.054418,             0.01684,                   0,             0.66017,             0.82609,             0.71883,             0.19475,            0.044632,            0.018639,                   0,           0.0035744,           0.0035744,            0.050874
                  66,            0.059602,            0.016789,                   0,             0.34527,              0.6087,             0.32673,            0.074235,             0.06327,            0.018659,                   0,           0.0036022,           0.0036022,            0.050102
                  67,            0.062463,            0.016595,                   0,              0.7075,             0.73913,             0.78487,             0.28107,            0.044011,             0.02073,                   0,           0.0036291,           0.0036291,            0.049329
                  68,            0.055153,            0.019088,                   0,              0.4938,             0.89067,             0.60526,             0.18603,            0.045682,            0.019347,                   0,           0.0036553,           0.0036553,            0.048555
                  69,            0.056428,            0.018596,                   0,             0.81234,             0.76087,              0.8173,             0.24569,            0.041676,            0.020588,                   0,           0.0036807,           0.0036807,            0.047781
                  70,            0.054033,            0.017792,                   0,              0.5901,             0.78261,             0.74411,             0.22534,             0.04729,            0.019134,                   0,           0.0037053,           0.0037053,            0.047005
                  71,            0.051419,            0.017153,                   0,             0.76408,             0.84783,             0.84019,              0.4226,            0.039801,            0.019526,                   0,           0.0037292,           0.0037292,            0.046229
                  72,            0.051067,            0.017653,                   0,             0.79847,             0.78261,                0.88,             0.34766,             0.04466,            0.018961,                   0,           0.0037522,           0.0037522,            0.045452
                  73,            0.053144,            0.017463,                   0,             0.46132,             0.78261,             0.55706,             0.18844,            0.042318,            0.018751,                   0,           0.0037744,           0.0037744,            0.044674
                  74,            0.045819,            0.017955,                   0,             0.59055,             0.84783,             0.72319,             0.29256,            0.042472,            0.018062,                   0,           0.0037959,           0.0037959,            0.043896
                  75,            0.058522,            0.015726,                   0,             0.81251,             0.78261,             0.82683,             0.25461,            0.046847,            0.019456,                   0,           0.0038165,           0.0038165,            0.043117
                  76,            0.049996,            0.020699,                   0,             0.76132,             0.69565,             0.75236,             0.32064,            0.038073,            0.019585,                   0,           0.0038364,           0.0038364,            0.042336
                  77,            0.046057,            0.017425,                   0,             0.88876,             0.86849,             0.92213,             0.46639,            0.036557,            0.018508,                   0,           0.0038554,           0.0038554,            0.041555
                  78,            0.050529,            0.016075,                   0,             0.49234,             0.71739,             0.57404,             0.15052,             0.05187,            0.018031,                   0,           0.0038737,           0.0038737,            0.040774
                  79,            0.056138,            0.018211,                   0,             0.64809,             0.76067,             0.66452,             0.29971,            0.043578,            0.018774,                   0,           0.0038912,           0.0038912,            0.039991
                  80,            0.045273,            0.017212,                   0,             0.62483,             0.86894,              0.7825,             0.39194,            0.039398,            0.018218,                   0,           0.0039079,           0.0039079,            0.039208
                  81,             0.05465,            0.016046,                   0,             0.74505,             0.88945,             0.86869,             0.35158,            0.039632,            0.019612,                   0,           0.0039238,           0.0039238,            0.038424
                  82,             0.04623,            0.018315,                   0,             0.75449,             0.86957,             0.84959,             0.36586,            0.041143,            0.018159,                   0,           0.0039389,           0.0039389,            0.037639
                  83,             0.05412,            0.015472,                   0,              0.8328,             0.86957,             0.87593,             0.43441,            0.037408,            0.019066,                   0,           0.0039532,           0.0039532,            0.036853
                  84,            0.045443,            0.017091,                   0,             0.92429,             0.80435,             0.89725,             0.40071,            0.038438,            0.017995,                   0,           0.0039667,           0.0039667,            0.036067
                  85,            0.045725,            0.018565,                   0,              0.8862,             0.84646,             0.90222,             0.43085,            0.035811,            0.017853,                   0,           0.0039794,           0.0039794,            0.035279
                  86,            0.043014,            0.015843,                   0,             0.73583,             0.84774,             0.83292,             0.31261,            0.039772,            0.017071,                   0,           0.0039914,           0.0039914,            0.034491
                  87,            0.048452,            0.015303,                   0,             0.58751,               0.867,             0.60663,             0.16272,            0.049196,            0.016941,                   0,           0.0040025,           0.0040025,            0.033703
                  88,            0.053365,            0.017973,                   0,             0.80382,             0.89077,             0.89126,             0.48565,            0.034466,            0.017847,                   0,           0.0040129,           0.0040129,            0.032913
                  89,            0.043429,            0.016135,                   0,             0.60932,             0.84783,             0.69717,             0.31096,            0.036463,            0.017252,                   0,           0.0040224,           0.0040224,            0.032122
                  90,            0.044414,            0.015577,                   0,             0.89895,             0.78261,             0.89962,             0.37446,            0.035429,            0.017689,                   0,           0.0040312,           0.0040312,            0.031331
                  91,            0.039325,            0.016415,                   0,             0.63997,              0.8913,             0.76166,             0.37629,            0.036996,            0.016961,                   0,           0.0040392,           0.0040392,            0.030539
                  92,            0.040993,            0.015339,                   0,             0.95331,              0.8913,             0.97576,             0.56808,            0.033661,            0.016541,                   0,           0.0040464,           0.0040464,            0.029746
                  93,            0.043502,             0.01401,                   0,              0.8913,             0.89127,              0.8874,             0.30672,            0.044133,            0.016114,                   0,           0.0040528,           0.0040528,            0.028953
                  94,             0.04975,            0.013581,                   0,             0.74962,             0.78261,             0.69885,             0.19887,            0.047278,            0.016084,                   0,           0.0040584,           0.0040584,            0.028158
                  95,            0.045602,            0.015331,                   0,             0.88553,             0.84783,             0.86459,             0.40486,            0.033525,            0.017004,                   0,           0.0040632,           0.0040632,            0.027363
                  96,            0.045137,            0.016501,                   0,             0.75463,             0.86917,             0.83672,             0.30914,            0.038579,            0.016389,                   0,           0.0040672,           0.0040672,            0.026567
                  97,            0.043384,            0.015633,                   0,              0.8958,             0.93444,             0.94711,             0.50055,            0.033439,            0.016444,                   0,           0.0040704,           0.0040704,             0.02577
                  98,            0.043721,            0.014951,                   0,             0.93453,             0.93478,             0.94085,             0.57958,            0.030742,            0.016361,                   0,           0.0040729,           0.0040729,            0.024973
                  99,            0.038448,             0.01482,                   0,             0.69343,             0.93478,             0.76447,             0.31575,            0.039525,            0.015845,                   0,           0.0040745,           0.0040745,            0.024175
                 100,            0.044444,            0.015169,                   0,              0.8478,             0.84783,             0.82886,             0.42243,            0.034665,            0.016303,                   0,           0.0040754,           0.0040754,            0.023375
                 101,            0.038723,            0.015743,                   0,             0.87724,             0.93478,             0.93005,             0.55488,            0.032415,            0.015436,                   0,           0.0040754,           0.0040754,            0.022575
                 102,            0.040742,            0.014547,                   0,             0.84084,             0.80395,             0.81307,             0.38919,            0.039013,            0.015555,                   0,           0.0040747,           0.0040747,            0.021775
                 103,            0.044829,            0.015653,                   0,             0.89356,              0.9125,             0.92757,             0.54232,             0.03475,            0.015824,                   0,           0.0040731,           0.0040731,            0.020973
                 104,            0.044961,            0.015308,                   0,             0.49978,             0.76087,             0.48863,             0.17028,            0.051214,             0.01552,                   0,           0.0040708,           0.0040708,            0.020171
                 105,            0.047792,            0.016809,                   0,             0.85982,             0.93478,             0.90742,             0.42037,            0.035508,            0.017215,                   0,           0.0040677,           0.0040677,            0.019368
                 106,            0.042908,            0.015947,                   0,             0.85007,             0.86957,             0.89338,             0.42221,            0.039397,            0.015537,                   0,           0.0040638,           0.0040638,            0.018564
                 107,            0.040966,            0.014276,                   0,             0.95223,             0.86957,             0.95401,             0.50082,            0.032655,            0.016121,                   0,           0.0040591,           0.0040591,            0.017759
                 108,            0.039266,            0.015849,                   0,             0.73053,             0.82609,             0.83053,             0.28332,            0.041476,            0.015863,                   0,           0.0040536,           0.0040536,            0.016954
                 109,            0.040495,            0.015705,                   0,             0.87651,             0.93478,             0.90193,             0.46165,            0.035049,            0.015532,                   0,           0.0040474,           0.0040474,            0.016147
                 110,            0.039282,             0.01483,                   0,             0.66035,             0.84783,              0.7585,             0.32317,             0.04105,            0.015429,                   0,           0.0040403,           0.0040403,             0.01534
                 111,            0.043253,            0.017386,                   0,             0.82221,             0.80435,             0.85404,             0.41125,            0.035462,            0.015197,                   0,           0.0040324,           0.0040324,            0.014532
                 112,            0.040983,            0.013353,                   0,             0.80389,              0.8913,             0.87753,             0.39891,            0.037263,            0.015327,                   0,           0.0040238,           0.0040238,            0.013724
                 113,            0.041116,              0.0133,                   0,             0.92618,             0.84783,             0.92645,             0.54163,            0.032726,            0.015553,                   0,           0.0040143,           0.0040143,            0.012914
                 114,            0.038348,            0.015184,                   0,              0.8111,             0.93478,             0.86091,             0.40037,            0.036822,            0.015123,                   0,           0.0040041,           0.0040041,            0.012104
                 115,            0.041094,            0.013733,                   0,             0.73197,              0.8913,             0.83116,              0.3104,            0.043745,            0.014757,                   0,           0.0039931,           0.0039931,            0.011293
                 116,            0.046545,             0.01412,                   0,             0.91099,             0.91304,             0.93705,              0.4862,            0.035441,             0.01492,                   0,           0.0039812,           0.0039812,            0.010481
                 117,            0.037849,            0.014697,                   0,             0.81458,             0.95652,             0.94325,             0.47245,            0.033554,            0.015188,                   0,           0.0039686,           0.0039686,           0.0096686
                 118,            0.035744,            0.014848,                   0,             0.77962,             0.84783,             0.88129,             0.31082,            0.037194,            0.015297,                   0,           0.0039552,           0.0039552,           0.0088552
                 119,            0.038081,            0.014298,                   0,             0.81999,             0.89125,             0.91057,             0.44025,            0.034873,            0.014883,                   0,            0.003941,            0.003941,            0.008041
                 120,            0.040131,            0.013938,                   0,             0.76354,             0.91259,              0.8778,             0.40773,            0.036036,            0.015064,                   0,            0.003926,            0.003926,            0.007226
                 121,            0.041481,             0.01314,                   0,             0.86665,             0.84773,             0.90725,             0.41038,             0.03854,            0.014986,                   0,           0.0039102,           0.0039102,           0.0064102
                 122,            0.044347,            0.014161,                   0,                0.95,             0.82604,              0.9281,               0.497,            0.031264,            0.015247,                   0,           0.0038937,           0.0038937,           0.0055937
                 123,            0.033341,            0.015798,                   0,              0.8936,             0.91286,             0.94398,             0.54519,            0.031726,            0.014777,                   0,           0.0038763,           0.0038763,           0.0047763
                 124,            0.039445,             0.01344,                   0,              0.8444,              0.8258,             0.81992,             0.21886,             0.04659,            0.014672,                   0,           0.0038581,           0.0038581,           0.0039581
                 125,            0.050478,            0.014849,                   0,             0.91104,             0.89055,             0.91827,              0.4998,            0.033409,            0.015382,                   0,           0.0038125,           0.0038125,           0.0038125
                 126,             0.03687,            0.014426,                   0,             0.80717,             0.91304,             0.88758,             0.47228,            0.034572,            0.014739,                   0,           0.0038125,           0.0038125,           0.0038125
                 127,            0.037579,            0.015037,                   0,              0.8934,             0.91304,             0.93202,             0.53617,            0.031121,            0.014608,                   0,            0.003763,            0.003763,            0.003763
                 128,              0.0323,            0.012904,                   0,             0.95454,             0.91298,             0.94869,              0.5855,            0.029852,            0.014386,                   0,           0.0037135,           0.0037135,           0.0037135
                 129,            0.038759,            0.013077,                   0,             0.97674,             0.91285,             0.94037,             0.38866,            0.039134,            0.014193,                   0,            0.003664,            0.003664,            0.003664
                 130,            0.039601,            0.013163,                   0,             0.95419,             0.91304,             0.93884,             0.44078,            0.031111,            0.014066,                   0,           0.0036145,           0.0036145,           0.0036145
                 131,            0.034091,            0.013975,                   0,             0.97759,             0.95652,             0.98201,              0.5291,            0.030379,            0.013951,                   0,            0.003565,            0.003565,            0.003565
                 132,            0.033055,            0.012793,                   0,             0.97727,             0.93451,             0.98295,             0.49026,            0.034931,            0.013788,                   0,           0.0035155,           0.0035155,           0.0035155
                 133,            0.033408,            0.013015,                   0,               0.843,             0.93478,             0.89739,             0.47903,            0.031238,             0.01377,                   0,            0.003466,            0.003466,            0.003466
                 134,            0.033915,            0.013811,                   0,             0.95639,             0.95652,             0.97705,             0.49666,            0.031012,            0.013858,                   0,           0.0034165,           0.0034165,           0.0034165
                 135,            0.032842,            0.011909,                   0,             0.93462,             0.93478,             0.94478,             0.53723,            0.031542,             0.01355,                   0,            0.003367,            0.003367,            0.003367
                 136,            0.033917,            0.013298,                   0,             0.95617,             0.95652,             0.98074,             0.56058,            0.029839,            0.013145,                   0,           0.0033175,           0.0033175,           0.0033175
                 137,            0.030446,            0.012341,                   0,             0.97721,             0.95652,             0.98521,             0.54194,             0.03039,            0.013197,                   0,            0.003268,            0.003268,            0.003268
                 138,            0.035061,            0.013693,                   0,             0.95555,             0.93462,             0.94979,              0.4584,            0.034136,            0.013376,                   0,           0.0032185,           0.0032185,           0.0032185
                 139,            0.037798,            0.013543,                   0,             0.84283,             0.93478,             0.95466,              0.5416,            0.034243,            0.012942,                   0,            0.003169,            0.003169,            0.003169
                 140,            0.038113,            0.013382,                   0,             0.95555,             0.93463,             0.97314,             0.49552,            0.032698,            0.013293,                   0,           0.0031195,           0.0031195,           0.0031195
                 141,            0.034833,            0.012625,                   0,             0.95648,             0.95559,             0.98222,             0.58746,            0.032181,            0.012901,                   0,             0.00307,             0.00307,             0.00307
                 142,            0.034186,            0.012282,                   0,             0.95339,              0.8913,             0.94941,             0.52597,            0.030782,            0.013226,                   0,           0.0030205,           0.0030205,           0.0030205
                 143,            0.033146,            0.013761,                   0,              0.9565,             0.95603,             0.97927,             0.55153,            0.029637,            0.013051,                   0,            0.002971,            0.002971,            0.002971
                 144,            0.030211,            0.012615,                   0,             0.93615,             0.95619,             0.94792,             0.58986,            0.027514,            0.013013,                   0,           0.0029215,           0.0029215,           0.0029215
                 145,            0.037025,             0.01352,                   0,             0.97701,             0.93478,              0.9865,             0.51565,            0.029631,            0.012993,                   0,            0.002872,            0.002872,            0.002872
                 146,            0.030035,            0.012585,                   0,             0.93615,             0.95616,              0.9631,             0.54821,            0.028381,            0.012802,                   0,           0.0028225,           0.0028225,           0.0028225
                 147,            0.032091,            0.013541,                   0,             0.99998,             0.93478,              0.9909,             0.54081,            0.028265,            0.012714,                   0,            0.002773,            0.002773,            0.002773
                 148,             0.02778,            0.011226,                   0,                   1,             0.93466,              0.9902,             0.58227,             0.02709,            0.012637,                   0,           0.0027235,           0.0027235,           0.0027235
                 149,            0.027604,            0.012683,                   0,             0.97727,             0.93467,             0.98606,             0.55175,            0.026484,            0.012494,                   0,            0.002674,            0.002674,            0.002674
                 150,            0.025828,            0.012061,                   0,             0.97726,             0.93478,             0.98665,             0.59758,            0.026299,            0.012427,                   0,           0.0026245,           0.0026245,           0.0026245
                 151,            0.028433,            0.011965,                   0,             0.97718,             0.93478,             0.98554,             0.55503,            0.027381,            0.012372,                   0,            0.002575,            0.002575,            0.002575
                 152,            0.027515,            0.012555,                   0,             0.93749,             0.97811,              0.9862,             0.63167,            0.025292,            0.012323,                   0,           0.0025255,           0.0025255,           0.0025255
                 153,            0.025078,            0.011125,                   0,             0.95744,             0.97826,             0.98389,             0.58845,            0.025723,             0.01226,                   0,            0.002476,            0.002476,            0.002476
                 154,               0.032,            0.011783,                   0,             0.95744,             0.97826,             0.98632,             0.52807,            0.029886,            0.012276,                   0,           0.0024265,           0.0024265,           0.0024265
                 155,            0.029247,            0.012082,                   0,             0.95745,             0.97823,             0.98248,             0.61622,            0.026035,             0.01216,                   0,            0.002377,            0.002377,            0.002377
                 156,            0.024804,            0.012339,                   0,             0.95736,             0.97826,              0.9839,             0.55948,            0.027542,            0.012129,                   0,           0.0023275,           0.0023275,           0.0023275
                 157,            0.026814,            0.010971,                   0,             0.95744,              0.9782,             0.98408,             0.60887,            0.025923,            0.012219,                   0,            0.002278,            0.002278,            0.002278
                 158,             0.02946,             0.01209,                   0,             0.97816,             0.97826,             0.98331,             0.55897,            0.026992,            0.012177,                   0,           0.0022285,           0.0022285,           0.0022285
                 159,            0.027851,            0.011406,                   0,             0.97826,              0.9781,             0.98412,             0.58806,            0.026217,            0.012052,                   0,            0.002179,            0.002179,            0.002179
                 160,             0.02762,            0.011687,                   0,             0.95652,             0.95645,             0.95066,             0.54828,            0.027701,            0.011929,                   0,           0.0021295,           0.0021295,           0.0021295
                 161,            0.027972,            0.011458,                   0,             0.97819,             0.97826,             0.98834,             0.61455,            0.024042,             0.01183,                   0,             0.00208,             0.00208,             0.00208
                 162,            0.028066,            0.011616,                   0,             0.97826,             0.97817,             0.98764,             0.57371,            0.028094,            0.011784,                   0,           0.0020305,           0.0020305,           0.0020305
                 163,            0.029337,            0.010991,                   0,             0.97826,              0.9782,              0.9882,             0.62017,            0.024773,            0.011558,                   0,            0.001981,            0.001981,            0.001981
                 164,            0.026506,            0.010898,                   0,             0.95652,             0.95645,             0.94822,             0.59276,            0.025344,            0.011671,                   0,           0.0019315,           0.0019315,           0.0019315
                 165,            0.024239,            0.010428,                   0,             0.97826,             0.97822,             0.98181,             0.61598,            0.026333,            0.011599,                   0,            0.001882,            0.001882,            0.001882
                 166,            0.026175,            0.011214,                   0,             0.95675,             0.97826,             0.98083,             0.61744,            0.024393,            0.011665,                   0,           0.0018325,           0.0018325,           0.0018325
                 167,            0.024178,            0.011377,                   0,             0.95632,             0.95652,             0.94818,             0.55526,             0.02629,            0.011664,                   0,            0.001783,            0.001783,            0.001783
                 168,            0.023039,            0.010695,                   0,             0.97826,             0.97813,              0.9882,             0.60442,            0.025535,            0.011676,                   0,           0.0017335,           0.0017335,           0.0017335
                 169,            0.023069,            0.010438,                   0,             0.97826,             0.97807,             0.98094,             0.62558,            0.025358,            0.011485,                   0,            0.001684,            0.001684,            0.001684
                 170,            0.022689,            0.011365,                   0,             0.95645,             0.95652,              0.9444,               0.631,            0.023732,            0.011431,                   0,           0.0016345,           0.0016345,           0.0016345
                 171,            0.022203,             0.01088,                   0,             0.97826,             0.97818,             0.97226,             0.60741,            0.024567,            0.011409,                   0,            0.001585,            0.001585,            0.001585
                 172,             0.02225,            0.010527,                   0,             0.93616,             0.95652,             0.94279,             0.60228,            0.025225,            0.011371,                   0,           0.0015355,           0.0015355,           0.0015355
                 173,            0.023912,            0.010525,                   0,             0.95739,             0.97826,             0.98042,             0.62812,            0.023436,            0.011348,                   0,            0.001486,            0.001486,            0.001486
                 174,            0.021973,            0.010779,                   0,             0.95744,             0.97816,             0.98969,             0.62367,            0.024703,            0.011375,                   0,           0.0014365,           0.0014365,           0.0014365
                 175,            0.022191,            0.010853,                   0,             0.95745,             0.97823,             0.98969,             0.63078,             0.02349,             0.01143,                   0,            0.001387,            0.001387,            0.001387
                 176,            0.022331,            0.010443,                   0,             0.95555,             0.93478,             0.95129,              0.6166,            0.023864,            0.011572,                   0,           0.0013375,           0.0013375,           0.0013375
                 177,            0.023883,            0.010838,                   0,             0.97774,             0.95652,             0.98624,              0.6284,            0.024214,            0.011654,                   0,            0.001288,            0.001288,            0.001288
                 178,            0.022037,             0.01111,                   0,             0.95536,             0.93478,             0.94069,             0.60751,            0.024894,            0.011664,                   0,           0.0012385,           0.0012385,           0.0012385
                 179,            0.021835,            0.010012,                   0,             0.95555,             0.93478,             0.95139,             0.59907,             0.02431,            0.011593,                   0,            0.001189,            0.001189,            0.001189
                 180,            0.021265,            0.010263,                   0,             0.97778,             0.95651,             0.98801,             0.62891,            0.024457,            0.011516,                   0,           0.0011395,           0.0011395,           0.0011395
                 181,            0.021958,            0.011586,                   0,             0.95538,             0.93478,             0.95486,             0.62389,            0.023825,            0.011417,                   0,             0.00109,             0.00109,             0.00109
                 182,            0.021289,            0.010833,                   0,             0.95724,             0.97826,             0.98896,             0.62369,            0.023544,            0.011324,                   0,           0.0010405,           0.0010405,           0.0010405
                 183,            0.021117,           0.0096499,                   0,             0.93615,             0.95652,             0.95738,             0.61931,            0.023439,             0.01124,                   0,            0.000991,            0.000991,            0.000991
                 184,            0.020039,            0.011111,                   0,             0.93616,             0.95639,             0.95806,             0.63729,            0.023419,            0.011172,                   0,           0.0009415,           0.0009415,           0.0009415
                 185,            0.020544,            0.010317,                   0,             0.93609,             0.95652,             0.95989,             0.63535,            0.022912,            0.011136,                   0,            0.000892,            0.000892,            0.000892
                 186,            0.020122,           0.0095622,                   0,             0.95743,             0.97826,             0.99017,             0.62457,            0.023171,            0.011095,                   0,           0.0008425,           0.0008425,           0.0008425
                 187,            0.023665,            0.010646,                   0,             0.95614,             0.95652,             0.96118,             0.62872,            0.023177,            0.011031,                   0,            0.000793,            0.000793,            0.000793
                 188,            0.021258,            0.010071,                   0,             0.95627,             0.95652,             0.95884,             0.63749,            0.023144,            0.010976,                   0,           0.0007435,           0.0007435,           0.0007435
                 189,            0.019737,           0.0096957,                   0,             0.95635,             0.95652,             0.95802,             0.63258,            0.023024,             0.01093,                   0,            0.000694,            0.000694,            0.000694
                 190,            0.023374,            0.010422,                   0,              0.9564,             0.95652,             0.95787,             0.62125,            0.023085,            0.010877,                   0,           0.0006445,           0.0006445,           0.0006445
                 191,            0.020356,            0.011139,                   0,             0.97817,             0.97826,              0.9913,              0.6326,            0.022889,            0.010838,                   0,            0.000595,            0.000595,            0.000595
                 192,            0.021377,           0.0099381,                   0,             0.97826,             0.97812,             0.99166,             0.63206,            0.023068,            0.010842,                   0,           0.0005455,           0.0005455,           0.0005455
                 193,            0.019459,            0.010076,                   0,             0.97826,             0.97825,             0.99166,             0.63291,            0.023096,            0.010837,                   0,            0.000496,            0.000496,            0.000496
                 194,            0.019353,           0.0095653,                   0,             0.95652,             0.95642,             0.95773,             0.62333,            0.023201,            0.010846,                   0,           0.0004465,           0.0004465,           0.0004465
                 195,            0.019504,           0.0099477,                   0,             0.95651,             0.95634,             0.95773,             0.63024,            0.023295,             0.01086,                   0,            0.000397,            0.000397,            0.000397
                 196,            0.018705,           0.0095963,                   0,             0.95651,             0.95635,             0.95822,             0.62593,            0.023164,            0.010848,                   0,           0.0003475,           0.0003475,           0.0003475
                 197,             0.01853,            0.010047,                   0,             0.95651,             0.95652,             0.95822,             0.62719,            0.022975,             0.01084,                   0,            0.000298,            0.000298,            0.000298
                 198,            0.019246,            0.010213,                   0,              0.9565,             0.95652,             0.95753,             0.63622,            0.022962,            0.010821,                   0,           0.0002485,           0.0002485,           0.0002485
                 199,            0.020694,            0.010366,                   0,             0.95636,             0.95652,              0.9572,             0.63216,            0.023072,            0.010804,                   0,            0.000199,            0.000199,            0.000199
